-- MySQL Script generated by MySQL Workbench
-- qua 24 fev 2021 19:10:42
-- Model: New Model    Version: 1.0
-- MySQL Workbench Forward Engineering

SET @OLD_UNIQUE_CHECKS=@@UNIQUE_CHECKS, UNIQUE_CHECKS=0;
SET @OLD_FOREIGN_KEY_CHECKS=@@FOREIGN_KEY_CHECKS, FOREIGN_KEY_CHECKS=0;
SET @OLD_SQL_MODE=@@SQL_MODE, SQL_MODE='ONLY_FULL_GROUP_BY,STRICT_TRANS_TABLES,NO_ZERO_IN_DATE,NO_ZERO_DATE,ERROR_FOR_DIVISION_BY_ZERO,NO_ENGINE_SUBSTITUTION';

-- -----------------------------------------------------
-- Schema professionals
-- -----------------------------------------------------

-- -----------------------------------------------------
-- Schema professionals
-- -----------------------------------------------------
CREATE SCHEMA IF NOT EXISTS `professionals` ;
USE `professionals` ;

-- -----------------------------------------------------
-- Table `professionals`.`TB_AREA`
-- -----------------------------------------------------
DROP TABLE IF EXISTS `professionals`.`TB_AREA` ;

CREATE TABLE IF NOT EXISTS `professionals`.`TB_AREA` (
  `ID` CHAR(8) NOT NULL,
  `NAME` VARCHAR(80) NOT NULL,
  `DESCRIPTION` VARCHAR(1024) NULL,
  `PARENT_ID` CHAR(8) NULL,
  `CREATED_AT` DATETIME NOT NULL DEFAULT CURRENT_TIMESTAMP,
  `UPDATED_AT` DATETIME NOT NULL DEFAULT CURRENT_TIMESTAMP ON UPDATE CURRENT_TIMESTAMP,
  `DELETED_AT` DATETIME NULL,
  PRIMARY KEY (`ID`),
  CONSTRAINT `fk_TB_AREA_TB_AREA1`
    FOREIGN KEY (`PARENT_ID`)
    REFERENCES `professionals`.`TB_AREA` (`ID`)
    ON DELETE NO ACTION
    ON UPDATE NO ACTION)
ENGINE = InnoDB;

CREATE INDEX `fk_TB_AREA_TB_AREA1_idx` ON `professionals`.`TB_AREA` (`PARENT_ID` ASC) VISIBLE;


-- -----------------------------------------------------
-- Table `professionals`.`TB_SPECIALITY`
-- -----------------------------------------------------
DROP TABLE IF EXISTS `professionals`.`TB_SPECIALITY` ;

CREATE TABLE IF NOT EXISTS `professionals`.`TB_SPECIALITY` (
  `ID` SMALLINT UNSIGNED NOT NULL,
  `NAME` VARCHAR(80) NOT NULL,
  `DESCRIPTION` VARCHAR(1024) NULL,
  `AREA_ID` CHAR(8) NOT NULL,
  `CREATED_AT` DATETIME NOT NULL DEFAULT CURRENT_TIMESTAMP,
  `UPDATED_AT` DATETIME NOT NULL DEFAULT CURRENT_TIMESTAMP ON UPDATE CURRENT_TIMESTAMP,
  `DELETED_AT` DATETIME NULL,
  PRIMARY KEY (`ID`),
  CONSTRAINT `fk_TB_SPECIALITY_TB_AREA1`
    FOREIGN KEY (`AREA_ID`)
    REFERENCES `professionals`.`TB_AREA` (`ID`)
    ON DELETE NO ACTION
    ON UPDATE NO ACTION);

CREATE UNIQUE INDEX `NAME_UNIQUE` ON `professionals`.`TB_SPECIALITY` (`NAME` ASC) VISIBLE;

CREATE INDEX `fk_TB_SPECIALITY_TB_AREA1_idx` ON `professionals`.`TB_SPECIALITY` (`AREA_ID` ASC) VISIBLE;


-- -----------------------------------------------------
-- Table `professionals`.`TB_COUNTRY`
-- -----------------------------------------------------
DROP TABLE IF EXISTS `professionals`.`TB_COUNTRY` ;

CREATE TABLE IF NOT EXISTS `professionals`.`TB_COUNTRY` (
  `ID` CHAR(2) NOT NULL,
  `NAME` VARCHAR(80) NOT NULL,
  `LOCALE` CHAR(5) NULL,
  `CURRENCY_CODE` CHAR(3) NOT NULL,
  `PROVINCE_DESIGNATION` VARCHAR(80) NOT NULL,
  `CREATED_AT` DATETIME NOT NULL DEFAULT CURRENT_TIMESTAMP,
  `UPDATED_AT` DATETIME NOT NULL DEFAULT CURRENT_TIMESTAMP ON UPDATE CURRENT_TIMESTAMP,
  `DELETED_AT` DATETIME NULL,
  PRIMARY KEY (`ID`))
ENGINE = InnoDB;


-- -----------------------------------------------------
-- Table `professionals`.`TB_USER`
-- -----------------------------------------------------
DROP TABLE IF EXISTS `professionals`.`TB_USER` ;

CREATE TABLE IF NOT EXISTS `professionals`.`TB_USER` (
  `ID` CHAR(36) NOT NULL,
  `NAME` VARCHAR(80) NOT NULL,
  `GENDER` CHAR(1) NOT NULL,
  `BIRTH` DATETIME NOT NULL,
  `PHOTO_FILENAME` VARCHAR(80) NULL,
  `NATURALITY` VARCHAR(80) NULL,
  `NATIONALITY_ID` CHAR(2) NOT NULL,
  `TAX_ID` VARCHAR(80) NOT NULL,
  `TAX_ID_ISSUED_AT` DATETIME NOT NULL,
  `CREATED_AT` DATETIME NOT NULL DEFAULT CURRENT_TIMESTAMP,
  `UPDATED_AT` DATETIME NOT NULL DEFAULT CURRENT_TIMESTAMP,
  `DELETED_AT` DATETIME NULL,
  PRIMARY KEY (`ID`),
  CONSTRAINT `fk_TB_USER_TB_COUNTRY1`
    FOREIGN KEY (`NATIONALITY_ID`)
    REFERENCES `professionals`.`TB_COUNTRY` (`ID`)
    ON DELETE NO ACTION
    ON UPDATE NO ACTION)
ENGINE = InnoDB;

CREATE INDEX `fk_TB_USER_TB_COUNTRY1_idx` ON `professionals`.`TB_USER` (`NATIONALITY_ID` ASC) VISIBLE;


-- -----------------------------------------------------
-- Table `professionals`.`TB_PROFESSIONAL`
-- -----------------------------------------------------
DROP TABLE IF EXISTS `professionals`.`TB_PROFESSIONAL` ;

CREATE TABLE IF NOT EXISTS `professionals`.`TB_PROFESSIONAL` (
  `ID` CHAR(36) NOT NULL,
  `CREATED_AT` DATETIME NOT NULL DEFAULT CURRENT_TIMESTAMP,
  `UPDATED_AT` DATETIME NOT NULL DEFAULT CURRENT_TIMESTAMP,
  `APPROVED_AT` DATETIME NULL,
  `DELETED_AT` DATETIME NULL,
  PRIMARY KEY (`ID`),
  CONSTRAINT `fk_TB_PROFESSIONAL_TB_USER1`
    FOREIGN KEY (`ID`)
    REFERENCES `professionals`.`TB_USER` (`ID`)
    ON DELETE NO ACTION
    ON UPDATE NO ACTION)
ENGINE = InnoDB;

CREATE INDEX `APPROVATED_IDX` ON `professionals`.`TB_PROFESSIONAL` (`APPROVED_AT` ASC) VISIBLE;

CREATE INDEX `fk_TB_PROFESSIONAL_TB_USER1_idx` ON `professionals`.`TB_PROFESSIONAL` (`ID` ASC) VISIBLE;


-- -----------------------------------------------------
-- Table `professionals`.`TB_PROVINCE`
-- -----------------------------------------------------
DROP TABLE IF EXISTS `professionals`.`TB_PROVINCE` ;

CREATE TABLE IF NOT EXISTS `professionals`.`TB_PROVINCE` (
  `ID` SMALLINT UNSIGNED NOT NULL,
  `CODE` CHAR(2) NOT NULL,
  `NAME` VARCHAR(80) NOT NULL,
  `COUNTRY_ID` CHAR(2) NOT NULL,
  `CREATED_AT` DATETIME NOT NULL DEFAULT CURRENT_TIMESTAMP,
  `UPDATED_AT` DATETIME NOT NULL,
  `DELETED_AT` DATETIME NULL,
  PRIMARY KEY (`ID`),
  CONSTRAINT `fk_provinces_countries`
    FOREIGN KEY (`COUNTRY_ID`)
    REFERENCES `professionals`.`TB_COUNTRY` (`ID`)
    ON DELETE NO ACTION
    ON UPDATE NO ACTION)
ENGINE = InnoDB;

CREATE INDEX `fk_provinces_countries_idx` ON `professionals`.`TB_PROVINCE` (`COUNTRY_ID` ASC) VISIBLE;


-- -----------------------------------------------------
-- Table `professionals`.`TB_PROF_SPEC_XREF`
-- -----------------------------------------------------
DROP TABLE IF EXISTS `professionals`.`TB_PROF_SPEC_XREF` ;

CREATE TABLE IF NOT EXISTS `professionals`.`TB_PROF_SPEC_XREF` (
  `PROFESSIONAL_ID` CHAR(36) NOT NULL,
  `SEQUENCE` SMALLINT UNSIGNED NOT NULL,
  `SPECIALITY_ID` SMALLINT UNSIGNED NOT NULL,
  `CREATED_AT` DATETIME NOT NULL DEFAULT CURRENT_TIMESTAMP,
  `UPDATED_AT` DATETIME NOT NULL DEFAULT CURRENT_TIMESTAMP,
  `DELETED_AT` DATETIME NULL,
  PRIMARY KEY (`PROFESSIONAL_ID`, `SEQUENCE`),
  CONSTRAINT `fk_professional_specialities_medical_specialities`
    FOREIGN KEY (`SPECIALITY_ID`)
    REFERENCES `professionals`.`TB_SPECIALITY` (`ID`)
    ON DELETE NO ACTION
    ON UPDATE NO ACTION,
  CONSTRAINT `fk_TB_PROF_SPEC_XREF_TB_PROFESSIONAL1`
    FOREIGN KEY (`PROFESSIONAL_ID`)
    REFERENCES `professionals`.`TB_PROFESSIONAL` (`ID`)
    ON DELETE NO ACTION
    ON UPDATE NO ACTION);

CREATE INDEX `fk_professional_specialities_medical_specialities_idx` ON `professionals`.`TB_PROF_SPEC_XREF` (`SPECIALITY_ID` ASC) VISIBLE;

CREATE INDEX `fk_TB_PROF_SPEC_XREF_TB_PROFESSIONAL1_idx` ON `professionals`.`TB_PROF_SPEC_XREF` (`PROFESSIONAL_ID` ASC) VISIBLE;


-- -----------------------------------------------------
-- Table `professionals`.`TB_CUSTOMER`
-- -----------------------------------------------------
DROP TABLE IF EXISTS `professionals`.`TB_CUSTOMER` ;

CREATE TABLE IF NOT EXISTS `professionals`.`TB_CUSTOMER` (
  `ID` CHAR(36) NOT NULL,
  `CREATED_AT` DATETIME NOT NULL DEFAULT CURRENT_TIMESTAMP,
  `UPDATED_AT` DATETIME NOT NULL DEFAULT CURRENT_TIMESTAMP,
  `DELETED_AT` VARCHAR(45) NULL,
  PRIMARY KEY (`ID`),
  CONSTRAINT `fk_TB_CUSTOMER_TB_USER1`
    FOREIGN KEY (`ID`)
    REFERENCES `professionals`.`TB_USER` (`ID`)
    ON DELETE NO ACTION
    ON UPDATE NO ACTION)
ENGINE = InnoDB;

CREATE INDEX `fk_TB_CUSTOMER_TB_USER1_idx` ON `professionals`.`TB_CUSTOMER` (`ID` ASC) VISIBLE;


-- -----------------------------------------------------
-- Table `professionals`.`TB_SERVICE`
-- -----------------------------------------------------
DROP TABLE IF EXISTS `professionals`.`TB_SERVICE` ;

CREATE TABLE IF NOT EXISTS `professionals`.`TB_SERVICE` (
  `ID` CHAR(36) NOT NULL,
  `PROFESSIONAL_ID` CHAR(36) NOT NULL,
  `CUSTOMER_ID` CHAR(36) NOT NULL,
  `SPECIALITY_ID` SMALLINT UNSIGNED NOT NULL,
  `GROSS_AMOUNT` DECIMAL(14,2) NOT NULL,
  `NOTES` VARCHAR(4096) NULL,
  `SCHEDULE_START` DATETIME NOT NULL,
  `SCHEDULE_END` DATETIME NOT NULL,
  `CUSTOMER_RATING` TINYINT UNSIGNED NULL,
  `PROFESSIONAL_RANKING` TINYINT UNSIGNED NULL,
  `CREATED_AT` DATETIME NOT NULL DEFAULT CURRENT_TIMESTAMP,
  `UPDATED_AT` DATETIME NOT NULL DEFAULT CURRENT_TIMESTAMP,
  `ATTENDED_AT` DATETIME NULL,
  `CANCELED_AT` DATETIME NULL,
  PRIMARY KEY (`ID`),
  CONSTRAINT `fk_medical_appointments_medical_specialities`
    FOREIGN KEY (`SPECIALITY_ID`)
    REFERENCES `professionals`.`TB_SPECIALITY` (`ID`)
    ON DELETE NO ACTION
    ON UPDATE NO ACTION,
  CONSTRAINT `fk_TB_SERVICE_TB_CUSTOMER1`
    FOREIGN KEY (`CUSTOMER_ID`)
    REFERENCES `professionals`.`TB_CUSTOMER` (`ID`)
    ON DELETE NO ACTION
    ON UPDATE NO ACTION,
  CONSTRAINT `fk_TB_SERVICE_TB_PROFESSIONAL1`
    FOREIGN KEY (`PROFESSIONAL_ID`)
    REFERENCES `professionals`.`TB_PROFESSIONAL` (`ID`)
    ON DELETE NO ACTION
    ON UPDATE NO ACTION)
ENGINE = InnoDB;

CREATE INDEX `fk_medical_appointments_medical_specialities_idx` ON `professionals`.`TB_SERVICE` (`SPECIALITY_ID` ASC) VISIBLE;

CREATE UNIQUE INDEX `PROFESSIONAL_ID_BEGIN_TIME_UNIQUE` ON `professionals`.`TB_SERVICE` (`SCHEDULE_START` ASC) VISIBLE;

CREATE UNIQUE INDEX `PATIENT_ID_BEGIN_TIME_UNIQUE` ON `professionals`.`TB_SERVICE` (`SCHEDULE_START` ASC) VISIBLE;

CREATE INDEX `fk_TB_SERVICE_TB_CUSTOMER1_idx` ON `professionals`.`TB_SERVICE` (`CUSTOMER_ID` ASC) VISIBLE;

CREATE INDEX `fk_TB_SERVICE_TB_PROFESSIONAL1_idx` ON `professionals`.`TB_SERVICE` (`PROFESSIONAL_ID` ASC) VISIBLE;


-- -----------------------------------------------------
-- Table `professionals`.`TB_PAYMENT_METHOD`
-- -----------------------------------------------------
DROP TABLE IF EXISTS `professionals`.`TB_PAYMENT_METHOD` ;

CREATE TABLE IF NOT EXISTS `professionals`.`TB_PAYMENT_METHOD` (
  `ID` CHAR(2) NOT NULL,
  `NAME` VARCHAR(80) NOT NULL,
  `DESCRIPTION` VARCHAR(4096) NULL,
  `CREATED_AT` DATETIME NOT NULL DEFAULT CURRENT_TIMESTAMP,
  `UPDATED_AT` DATETIME NOT NULL DEFAULT CURRENT_TIMESTAMP ON UPDATE CURRENT_TIMESTAMP,
  `DELETED_AT` DATETIME NULL,
  PRIMARY KEY (`ID`))
ENGINE = InnoDB;


-- -----------------------------------------------------
-- Table `professionals`.`TB_PAYMENT_GATEWAY`
-- -----------------------------------------------------
DROP TABLE IF EXISTS `professionals`.`TB_PAYMENT_GATEWAY` ;

CREATE TABLE IF NOT EXISTS `professionals`.`TB_PAYMENT_GATEWAY` (
  `ID` CHAR(2) NOT NULL,
  `NAME` VARCHAR(80) NOT NULL,
  `DESCRIPTION` VARCHAR(4096) NULL,
  `CREATED_AT` DATETIME NOT NULL DEFAULT CURRENT_TIMESTAMP,
  `UPDATED_AT` DATETIME NOT NULL DEFAULT CURRENT_TIMESTAMP ON UPDATE CURRENT_TIMESTAMP,
  `DELETED_AT` DATETIME NULL,
  PRIMARY KEY (`ID`))
ENGINE = InnoDB;


-- -----------------------------------------------------
-- Table `professionals`.`TB_ORDER`
-- -----------------------------------------------------
DROP TABLE IF EXISTS `professionals`.`TB_ORDER` ;

CREATE TABLE IF NOT EXISTS `professionals`.`TB_ORDER` (
  `ID` CHAR(36) NOT NULL,
  `SERVICE_ID` CHAR(36) NOT NULL,
  `NOTES` VARCHAR(4096) NULL,
  `GROSS_AMOUNT` DECIMAL(14,2) NULL,
  `CREATED_AT` DATETIME NOT NULL DEFAULT CURRENT_TIMESTAMP,
  `UPDATED_AT` DATETIME NOT NULL DEFAULT CURRENT_TIMESTAMP,
  `PAID_AT` DATETIME NULL,
  `CANCELED_AT` DATETIME NULL,
  PRIMARY KEY (`ID`),
  CONSTRAINT `fk_TB_ORDER_TB_SERVICE1`
    FOREIGN KEY (`SERVICE_ID`)
    REFERENCES `professionals`.`TB_SERVICE` (`ID`)
    ON DELETE NO ACTION
    ON UPDATE NO ACTION)
ENGINE = InnoDB;

CREATE INDEX `fk_TB_ORDER_TB_SERVICE1_idx` ON `professionals`.`TB_ORDER` (`SERVICE_ID` ASC) VISIBLE;


-- -----------------------------------------------------
-- Table `professionals`.`TB_PAYMENT_TRANSACTION`
-- -----------------------------------------------------
DROP TABLE IF EXISTS `professionals`.`TB_PAYMENT_TRANSACTION` ;

CREATE TABLE IF NOT EXISTS `professionals`.`TB_PAYMENT_TRANSACTION` (
  `ID` CHAR(36) NOT NULL,
  `GROSS_AMOUNT` DECIMAL(14,2) NOT NULL,
  `ORDER_ID` CHAR(36) NOT NULL,
  `PAYMENT_METHOD_ID` CHAR(2) NOT NULL,
  `PAYMENT_GATEWAY_ID` CHAR(2) NOT NULL,
  `TRANSACTION_ID` CHAR(36) NULL,
  `CREATED_AT` DATETIME NOT NULL DEFAULT CURRENT_TIMESTAMP,
  `UPDATED_AT` DATETIME NOT NULL DEFAULT CURRENT_TIMESTAMP,
  `CAPTURED_AT` DATETIME NULL,
  `AUTHORIZED_AT` DATETIME NULL,
  `COMMITED_AT` DATETIME NULL,
  `REJECTED_AT` DATETIME NULL,
  `REJECTION_REASON` VARCHAR(80) NULL,
  `CANCELED_AT` DATETIME NULL,
  PRIMARY KEY (`ID`),
  CONSTRAINT `fk_payment_transactions_payment_methods`
    FOREIGN KEY (`PAYMENT_METHOD_ID`)
    REFERENCES `professionals`.`TB_PAYMENT_METHOD` (`ID`)
    ON DELETE NO ACTION
    ON UPDATE NO ACTION,
  CONSTRAINT `fk_payment_payment_gateway1`
    FOREIGN KEY (`PAYMENT_GATEWAY_ID`)
    REFERENCES `professionals`.`TB_PAYMENT_GATEWAY` (`ID`)
    ON DELETE NO ACTION
    ON UPDATE NO ACTION,
  CONSTRAINT `fk_TB_PAYMENT_TB_ORDER1`
    FOREIGN KEY (`ORDER_ID`)
    REFERENCES `professionals`.`TB_ORDER` (`ID`)
    ON DELETE NO ACTION
    ON UPDATE NO ACTION)
ENGINE = InnoDB;

CREATE INDEX `fk_payment_transactions_payment_methods_idx` ON `professionals`.`TB_PAYMENT_TRANSACTION` (`PAYMENT_METHOD_ID` ASC) VISIBLE;

CREATE INDEX `fk_payment_payment_gateway1_idx` ON `professionals`.`TB_PAYMENT_TRANSACTION` (`PAYMENT_GATEWAY_ID` ASC) VISIBLE;

CREATE INDEX `fk_TB_PAYMENT_TB_ORDER1_idx` ON `professionals`.`TB_PAYMENT_TRANSACTION` (`ORDER_ID` ASC) VISIBLE;


-- -----------------------------------------------------
-- Table `professionals`.`TB_PAYMENT_GATEWAY_METHOD_XREF`
-- -----------------------------------------------------
DROP TABLE IF EXISTS `professionals`.`TB_PAYMENT_GATEWAY_METHOD_XREF` ;

CREATE TABLE IF NOT EXISTS `professionals`.`TB_PAYMENT_GATEWAY_METHOD_XREF` (
  `PAYMENT_GATEWAY_ID` CHAR(2) NOT NULL,
  `PAYMENT_METHOD_ID` CHAR(2) NOT NULL,
  `CREATED_AT` DATETIME NOT NULL DEFAULT CURRENT_TIMESTAMP,
  `DELETED_AT` DATETIME NULL,
  PRIMARY KEY (`PAYMENT_GATEWAY_ID`, `PAYMENT_METHOD_ID`),
  CONSTRAINT `fk_table1_TB_PAYMENT_METHOD1`
    FOREIGN KEY (`PAYMENT_METHOD_ID`)
    REFERENCES `professionals`.`TB_PAYMENT_METHOD` (`ID`)
    ON DELETE NO ACTION
    ON UPDATE NO ACTION,
  CONSTRAINT `fk_table1_TB_PAYMENT_GATEWAY1`
    FOREIGN KEY (`PAYMENT_GATEWAY_ID`)
    REFERENCES `professionals`.`TB_PAYMENT_GATEWAY` (`ID`)
    ON DELETE NO ACTION
    ON UPDATE NO ACTION)
ENGINE = InnoDB;

CREATE INDEX `fk_table1_TB_PAYMENT_METHOD1_idx` ON `professionals`.`TB_PAYMENT_GATEWAY_METHOD_XREF` (`PAYMENT_METHOD_ID` ASC) VISIBLE;

CREATE INDEX `fk_table1_TB_PAYMENT_GATEWAY1_idx` ON `professionals`.`TB_PAYMENT_GATEWAY_METHOD_XREF` (`PAYMENT_GATEWAY_ID` ASC) VISIBLE;


-- -----------------------------------------------------
-- Table `professionals`.`TB_ROLE`
-- -----------------------------------------------------
DROP TABLE IF EXISTS `professionals`.`TB_ROLE` ;

CREATE TABLE IF NOT EXISTS `professionals`.`TB_ROLE` (
  `ID` CHAR(4) NOT NULL,
  `NAME` VARCHAR(80) NOT NULL,
  `DESCRIPTION` VARCHAR(255) NULL,
  `CREATED_AT` DATETIME NOT NULL DEFAULT CURRENT_TIMESTAMP,
  `UPDATED_AT` DATETIME NOT NULL DEFAULT CURRENT_TIMESTAMP ON UPDATE CURRENT_TIMESTAMP,
  `DELETED_AT` DATETIME NULL,
  PRIMARY KEY (`ID`))
ENGINE = InnoDB;


-- -----------------------------------------------------
-- Table `professionals`.`TB_USER_ROLE`
-- -----------------------------------------------------
DROP TABLE IF EXISTS `professionals`.`TB_USER_ROLE` ;

CREATE TABLE IF NOT EXISTS `professionals`.`TB_USER_ROLE` (
  `USER_ID` CHAR(36) NOT NULL,
  `ROLE_ID` CHAR(4) NOT NULL,
  PRIMARY KEY (`USER_ID`, `ROLE_ID`),
  CONSTRAINT `fk_TB_USER_ROLE_TB_USER1`
    FOREIGN KEY (`USER_ID`)
    REFERENCES `professionals`.`TB_USER` (`ID`)
    ON DELETE NO ACTION
    ON UPDATE NO ACTION,
  CONSTRAINT `fk_TB_USER_ROLE_TB_ROLE1`
    FOREIGN KEY (`ROLE_ID`)
    REFERENCES `professionals`.`TB_ROLE` (`ID`)
    ON DELETE NO ACTION
    ON UPDATE NO ACTION)
ENGINE = InnoDB;

CREATE INDEX `fk_TB_USER_ROLE_TB_ROLE1_idx` ON `professionals`.`TB_USER_ROLE` (`ROLE_ID` ASC) VISIBLE;


-- -----------------------------------------------------
-- Table `professionals`.`TB_REFERENCE_TYPE`
-- -----------------------------------------------------
DROP TABLE IF EXISTS `professionals`.`TB_REFERENCE_TYPE` ;

CREATE TABLE IF NOT EXISTS `professionals`.`TB_REFERENCE_TYPE` (
  `ID` CHAR(4) NOT NULL,
  `NAME` VARCHAR(80) NOT NULL,
  `DESCRIPTION` VARCHAR(1024) NULL,
  `CREATED_AT` DATETIME NOT NULL DEFAULT CURRENT_TIMESTAMP,
  `UPDATED_AT` DATETIME NOT NULL DEFAULT CURRENT_TIMESTAMP ON UPDATE CURRENT_TIMESTAMP,
  `DELETED_AT` DATETIME NULL,
  PRIMARY KEY (`ID`))
ENGINE = InnoDB;


-- -----------------------------------------------------
-- Table `professionals`.`TB_REFERENCE`
-- -----------------------------------------------------
DROP TABLE IF EXISTS `professionals`.`TB_REFERENCE` ;

CREATE TABLE IF NOT EXISTS `professionals`.`TB_REFERENCE` (
  `PROFESSIONAL_ID` CHAR(36) NOT NULL,
  `REFERENCE_ID` TINYINT UNSIGNED NOT NULL,
  `REFERENCE_TYPE_ID` CHAR(4) NOT NULL,
  `DESCRIPTION` VARCHAR(4096) NULL,
  `CREATED_AT` DATETIME NOT NULL,
  `UPDATED_AT` DATETIME NOT NULL,
  `APPROVED_AT` DATETIME NULL,
  `REJECTED_AT` DATETIME NULL,
  `REJECTION_REASON` VARCHAR(80) NULL,
  `REJECTION_DESCRIPTION` TEXT NULL,
  PRIMARY KEY (`PROFESSIONAL_ID`, `REFERENCE_ID`),
  CONSTRAINT `fk_table1_TB_PROFESSIONAL1`
    FOREIGN KEY (`PROFESSIONAL_ID`)
    REFERENCES `professionals`.`TB_PROFESSIONAL` (`ID`)
    ON DELETE NO ACTION
    ON UPDATE NO ACTION,
  CONSTRAINT `fk_TB_REFERENCES_TB_REFERENCE_TYPE1`
    FOREIGN KEY (`REFERENCE_TYPE_ID`)
    REFERENCES `professionals`.`TB_REFERENCE_TYPE` (`ID`)
    ON DELETE NO ACTION
    ON UPDATE NO ACTION)
ENGINE = InnoDB;

CREATE INDEX `fk_TB_REFERENCES_TB_REFERENCE_TYPE1_idx` ON `professionals`.`TB_REFERENCE` (`REFERENCE_TYPE_ID` ASC) VISIBLE;


-- -----------------------------------------------------
-- Table `professionals`.`TB_CONTACT_TYPE`
-- -----------------------------------------------------
DROP TABLE IF EXISTS `professionals`.`TB_CONTACT_TYPE` ;

CREATE TABLE IF NOT EXISTS `professionals`.`TB_CONTACT_TYPE` (
  `ID` CHAR(8) NOT NULL,
  `NAME` VARCHAR(80) NOT NULL,
  `CREATED_AT` DATETIME NOT NULL DEFAULT CURRENT_TIMESTAMP,
  `UPDATED_AT` DATETIME NOT NULL DEFAULT CURRENT_TIMESTAMP ON UPDATE CURRENT_TIMESTAMP,
  `DELETED_AT` DATETIME NULL,
  PRIMARY KEY (`ID`))
ENGINE = InnoDB;


-- -----------------------------------------------------
-- Table `professionals`.`TB_USER_CONTACT`
-- -----------------------------------------------------
DROP TABLE IF EXISTS `professionals`.`TB_USER_CONTACT` ;

CREATE TABLE IF NOT EXISTS `professionals`.`TB_USER_CONTACT` (
  `USER_ID` CHAR(36) NOT NULL,
  `CONTACT_ID` TINYINT UNSIGNED NOT NULL,
  `CONTACT_TYPE_ID` CHAR(8) NOT NULL,
  `CONTACT_TEXT` VARCHAR(80) NULL,
  `DEFAULT` TINYINT(1) NOT NULL,
  `CREATED_AT` DATETIME NOT NULL DEFAULT CURRENT_TIMESTAMP,
  `UPDATED_AT` DATETIME NOT NULL DEFAULT CURRENT_TIMESTAMP,
  `DELETED_AT` DATETIME NULL,
  PRIMARY KEY (`USER_ID`, `CONTACT_ID`),
  CONSTRAINT `fk_TB_USER_CONTACT_TB_CONTACT_TYPE1`
    FOREIGN KEY (`CONTACT_TYPE_ID`)
    REFERENCES `professionals`.`TB_CONTACT_TYPE` (`ID`)
    ON DELETE NO ACTION
    ON UPDATE NO ACTION,
  CONSTRAINT `fk_TB_USER_CONTACT_TB_USER1`
    FOREIGN KEY (`USER_ID`)
    REFERENCES `professionals`.`TB_USER` (`ID`)
    ON DELETE NO ACTION
    ON UPDATE NO ACTION)
ENGINE = InnoDB;

CREATE INDEX `fk_TB_USER_CONTACT_TB_CONTACT_TYPE1_idx` ON `professionals`.`TB_USER_CONTACT` (`CONTACT_TYPE_ID` ASC) VISIBLE;

CREATE INDEX `fk_TB_USER_CONTACT_TB_USER1_idx` ON `professionals`.`TB_USER_CONTACT` (`USER_ID` ASC) VISIBLE;


-- -----------------------------------------------------
-- Table `professionals`.`TB_USER_ADDRESS`
-- -----------------------------------------------------
DROP TABLE IF EXISTS `professionals`.`TB_USER_ADDRESS` ;

CREATE TABLE IF NOT EXISTS `professionals`.`TB_USER_ADDRESS` (
  `USER_ID` CHAR(36) NOT NULL,
  `ADDRESS_ID` TINYINT UNSIGNED NOT NULL,
  `STREET` VARCHAR(80) NOT NULL,
  `NUMBER` SMALLINT UNSIGNED NULL,
  `COMPLEMENT` VARCHAR(80) NULL,
  `POSTAL_CODE` VARCHAR(12) NOT NULL,
  `COUNTRY_ID` CHAR(2) NOT NULL,
  `PROVINCE_ID` SMALLINT UNSIGNED NULL,
  `PROVINCE_OTHER` VARCHAR(80) NULL,
  `CITY` VARCHAR(80) NOT NULL,
  `DEFAULT` TINYINT(1) NOT NULL,
  `CREATED_AT` DATETIME NOT NULL DEFAULT CURRENT_TIMESTAMP,
  `UPDATED_AT` DATETIME NOT NULL,
  `DELETED_AT` DATETIME NULL,
  PRIMARY KEY (`USER_ID`, `ADDRESS_ID`),
  CONSTRAINT `fk_TB_USER_ADDRESS_TB_USER1`
    FOREIGN KEY (`USER_ID`)
    REFERENCES `professionals`.`TB_USER` (`ID`)
    ON DELETE NO ACTION
    ON UPDATE NO ACTION,
  CONSTRAINT `fk_TB_USER_ADDRESS_TB_PROVINCE1`
    FOREIGN KEY (`PROVINCE_ID`)
    REFERENCES `professionals`.`TB_PROVINCE` (`ID`)
    ON DELETE NO ACTION
    ON UPDATE NO ACTION,
  CONSTRAINT `fk_TB_USER_ADDRESS_TB_COUNTRY1`
    FOREIGN KEY (`COUNTRY_ID`)
    REFERENCES `professionals`.`TB_COUNTRY` (`ID`)
    ON DELETE NO ACTION
    ON UPDATE NO ACTION)
ENGINE = InnoDB;

CREATE INDEX `fk_TB_USER_ADDRESS_TB_PROVINCE1_idx` ON `professionals`.`TB_USER_ADDRESS` (`PROVINCE_ID` ASC) VISIBLE;

CREATE INDEX `fk_TB_USER_ADDRESS_TB_COUNTRY1_idx` ON `professionals`.`TB_USER_ADDRESS` (`COUNTRY_ID` ASC) VISIBLE;


-- -----------------------------------------------------
-- Table `professionals`.`TB_AUTH_TYPE`
-- -----------------------------------------------------
DROP TABLE IF EXISTS `professionals`.`TB_AUTH_TYPE` ;

CREATE TABLE IF NOT EXISTS `professionals`.`TB_AUTH_TYPE` (
  `ID` CHAR(4) NOT NULL,
  `NAME` VARCHAR(80) NOT NULL,
  `PROVIDER_ID` VARCHAR(80) NULL,
  `CREATED_AT` DATETIME NOT NULL DEFAULT CURRENT_TIMESTAMP,
  `UPDATED_AT` DATETIME NOT NULL DEFAULT CURRENT_TIMESTAMP ON UPDATE CURRENT_TIMESTAMP,
  `DELETED_AT` DATETIME NULL,
  PRIMARY KEY (`ID`))
ENGINE = InnoDB;


-- -----------------------------------------------------
-- Table `professionals`.`TB_CREDENTIAL`
-- -----------------------------------------------------
DROP TABLE IF EXISTS `professionals`.`TB_CREDENTIAL` ;

CREATE TABLE IF NOT EXISTS `professionals`.`TB_CREDENTIAL` (
  `USER_ID` CHAR(36) NOT NULL,
  `CREDENTIAL_ID` TINYINT UNSIGNED NOT NULL,
  `AUTH_TYPE_ID` CHAR(4) NOT NULL,
  `LOGIN` VARCHAR(80) NOT NULL,
  `PASSWORD` VARCHAR(32) NULL,
  `CREATED_AT` DATETIME NOT NULL DEFAULT CURRENT_TIMESTAMP,
  `UPDATED_AT` DATETIME NOT NULL DEFAULT CURRENT_TIMESTAMP ON UPDATE CURRENT_TIMESTAMP,
  `VALIDATED_AT` DATETIME NULL,
  `DELETED_AT` DATETIME NULL,
  PRIMARY KEY (`USER_ID`, `CREDENTIAL_ID`),
  CONSTRAINT `fk_TB_CREDENTIAL_TB_USER1`
    FOREIGN KEY (`USER_ID`)
    REFERENCES `professionals`.`TB_USER` (`ID`)
    ON DELETE NO ACTION
    ON UPDATE NO ACTION,
  CONSTRAINT `fk_TB_CREDENTIAL_TB_CREDENTIAL_TYPE1`
    FOREIGN KEY (`AUTH_TYPE_ID`)
    REFERENCES `professionals`.`TB_AUTH_TYPE` (`ID`)
    ON DELETE NO ACTION
    ON UPDATE NO ACTION)
ENGINE = InnoDB;

CREATE INDEX `fk_TB_CREDENTIAL_TB_USER1_idx` ON `professionals`.`TB_CREDENTIAL` (`USER_ID` ASC) VISIBLE;

CREATE INDEX `fk_TB_CREDENTIAL_TB_CREDENTIAL_TYPE1_idx` ON `professionals`.`TB_CREDENTIAL` (`AUTH_TYPE_ID` ASC) VISIBLE;


SET SQL_MODE=@OLD_SQL_MODE;
SET FOREIGN_KEY_CHECKS=@OLD_FOREIGN_KEY_CHECKS;
SET UNIQUE_CHECKS=@OLD_UNIQUE_CHECKS;

-- -----------------------------------------------------
-- Data for table `professionals`.`TB_AREA`
-- -----------------------------------------------------
START TRANSACTION;
USE `professionals`;
INSERT INTO `professionals`.`TB_AREA` (`ID`, `NAME`, `DESCRIPTION`, `PARENT_ID`, `CREATED_AT`, `UPDATED_AT`, `DELETED_AT`) VALUES ('MEDICINE', 'MEDICAL AREA', NULL, NULL, '2021-01-01', '2021-01-01', NULL);
INSERT INTO `professionals`.`TB_AREA` (`ID`, `NAME`, `DESCRIPTION`, `PARENT_ID`, `CREATED_AT`, `UPDATED_AT`, `DELETED_AT`) VALUES ('DOMESTIC', 'DOMESTIC WORK', NULL, NULL, '2021-01-01', '2021-01-01', NULL);
INSERT INTO `professionals`.`TB_AREA` (`ID`, `NAME`, `DESCRIPTION`, `PARENT_ID`, `CREATED_AT`, `UPDATED_AT`, `DELETED_AT`) VALUES ('NANNY', 'NANNY', NULL, 'DOMESTIC', '2021-01-01', '2021-01-01', NULL);

COMMIT;


-- -----------------------------------------------------
-- Data for table `professionals`.`TB_SPECIALITY`
-- -----------------------------------------------------
START TRANSACTION;
USE `professionals`;
INSERT INTO `professionals`.`TB_SPECIALITY` (`ID`, `NAME`, `DESCRIPTION`, `AREA_ID`, `CREATED_AT`, `UPDATED_AT`, `DELETED_AT`) VALUES (1, 'Acupuntura', 'ramo da medicina tradicional chinesa e um método de tratamento chamado complementar de acordo com a nova terminologia da OMS.', 'MEDICINE', '2021-01-01', '2021-01-01', NULL);
INSERT INTO `professionals`.`TB_SPECIALITY` (`ID`, `NAME`, `DESCRIPTION`, `AREA_ID`, `CREATED_AT`, `UPDATED_AT`, `DELETED_AT`) VALUES (2, 'Alergia e Imunologia', 'diagnóstico e tratamento das doenças alérgicas e do sistema imunológico.', 'MEDICINE', '2021-01-01', '2021-01-01', NULL);
INSERT INTO `professionals`.`TB_SPECIALITY` (`ID`, `NAME`, `DESCRIPTION`, `AREA_ID`, `CREATED_AT`, `UPDATED_AT`, `DELETED_AT`) VALUES (3, 'Anestesiologia', 'área da Medicina que envolve o tratamento da dor, a hipnose e o manejo intensivo do paciente sob intervenção cirúrgica ou procedimentos.', 'MEDICINE', '2021-01-01', '2021-01-01', NULL);
INSERT INTO `professionals`.`TB_SPECIALITY` (`ID`, `NAME`, `DESCRIPTION`, `AREA_ID`, `CREATED_AT`, `UPDATED_AT`, `DELETED_AT`) VALUES (4, 'Angiologia', 'área da medicina que estuda o tratamento das doenças do aparelho circulatório.', 'MEDICINE', '2021-01-01', '2021-01-01', NULL);
INSERT INTO `professionals`.`TB_SPECIALITY` (`ID`, `NAME`, `DESCRIPTION`, `AREA_ID`, `CREATED_AT`, `UPDATED_AT`, `DELETED_AT`) VALUES (5, 'Cancerologia (oncologia)', 'especialidade que trata dos tumores malignos ou câncer.', 'MEDICINE', '2021-01-01', '2021-01-01', NULL);
INSERT INTO `professionals`.`TB_SPECIALITY` (`ID`, `NAME`, `DESCRIPTION`, `AREA_ID`, `CREATED_AT`, `UPDATED_AT`, `DELETED_AT`) VALUES (6, 'Cardiologia', 'aborda as doenças relacionadas com o coração e sistema vascular.', 'MEDICINE', '2021-01-01', '2021-01-01', NULL);
INSERT INTO `professionals`.`TB_SPECIALITY` (`ID`, `NAME`, `DESCRIPTION`, `AREA_ID`, `CREATED_AT`, `UPDATED_AT`, `DELETED_AT`) VALUES (7, 'Cirurgia Cardiovascular', 'tratamento cirúrgico de doenças do coração.', 'MEDICINE', '2021-01-01', '2021-01-01', NULL);
INSERT INTO `professionals`.`TB_SPECIALITY` (`ID`, `NAME`, `DESCRIPTION`, `AREA_ID`, `CREATED_AT`, `UPDATED_AT`, `DELETED_AT`) VALUES (8, 'Cirurgia da Mão', 'sub-especialidade da Ortopedia que aborda os problemas de saúde relacionados as mãos.', 'MEDICINE', '2021-01-01', '2021-01-01', NULL);
INSERT INTO `professionals`.`TB_SPECIALITY` (`ID`, `NAME`, `DESCRIPTION`, `AREA_ID`, `CREATED_AT`, `UPDATED_AT`, `DELETED_AT`) VALUES (9, 'Cirurgia de cabeça e pescoço', 'tratamento cirúrgico de doenças da cabeça e do pescoço.', 'MEDICINE', '2021-01-01', '2021-01-01', NULL);
INSERT INTO `professionals`.`TB_SPECIALITY` (`ID`, `NAME`, `DESCRIPTION`, `AREA_ID`, `CREATED_AT`, `UPDATED_AT`, `DELETED_AT`) VALUES (10, 'Cirurgia do Aparelho Digestivo', 'tratamento clínico e cirúrgico dos órgãos do aparelho digestório, como o esôfago, estômago, intestinos, fígado e vias biliares, e pâncreas.', 'MEDICINE', '2021-01-01', '2021-01-01', NULL);
INSERT INTO `professionals`.`TB_SPECIALITY` (`ID`, `NAME`, `DESCRIPTION`, `AREA_ID`, `CREATED_AT`, `UPDATED_AT`, `DELETED_AT`) VALUES (11, 'Cirurgia Geral', 'área que engloba todas as áreas cirúrgicas, sendo também subdividida.', 'MEDICINE', '2021-01-01', '2021-01-01', NULL);
INSERT INTO `professionals`.`TB_SPECIALITY` (`ID`, `NAME`, `DESCRIPTION`, `AREA_ID`, `CREATED_AT`, `UPDATED_AT`, `DELETED_AT`) VALUES (12, 'Cirurgia Pediátrica', 'cirurgia geral em crianças.', 'MEDICINE', '2021-01-01', '2021-01-01', NULL);
INSERT INTO `professionals`.`TB_SPECIALITY` (`ID`, `NAME`, `DESCRIPTION`, `AREA_ID`, `CREATED_AT`, `UPDATED_AT`, `DELETED_AT`) VALUES (13, 'Cirurgia Plástica', 'correção das deformidades, malformações ou lesões que comprometem funções dos órgãos através de cirurgia de caráter reparador ou cirurgias estéticas.', 'MEDICINE', '2021-01-01', '2021-01-01', NULL);
INSERT INTO `professionals`.`TB_SPECIALITY` (`ID`, `NAME`, `DESCRIPTION`, `AREA_ID`, `CREATED_AT`, `UPDATED_AT`, `DELETED_AT`) VALUES (14, 'Cirurgia Torácica', 'atua na cirurgia da caixa torácica e vias aéreas.', 'MEDICINE', '2021-01-01', '2021-01-01', NULL);
INSERT INTO `professionals`.`TB_SPECIALITY` (`ID`, `NAME`, `DESCRIPTION`, `AREA_ID`, `CREATED_AT`, `UPDATED_AT`, `DELETED_AT`) VALUES (15, 'Cirurgia Vascular', 'tratamento das veias e artérias, através de cirurgia, procedimentos endovasculares ou tratamentos clínicos.', 'MEDICINE', '2021-01-01', '2021-01-01', NULL);
INSERT INTO `professionals`.`TB_SPECIALITY` (`ID`, `NAME`, `DESCRIPTION`, `AREA_ID`, `CREATED_AT`, `UPDATED_AT`, `DELETED_AT`) VALUES (16, 'Clínica Médica (Medicina interna)', 'área que engloba todas as áreas não cirúrgicas, sendo subdividida em várias outras especialidades.', 'MEDICINE', '2021-01-01', '2021-01-01', NULL);
INSERT INTO `professionals`.`TB_SPECIALITY` (`ID`, `NAME`, `DESCRIPTION`, `AREA_ID`, `CREATED_AT`, `UPDATED_AT`, `DELETED_AT`) VALUES (17, 'Coloproctologia', 'parte da medicina que estuda e trata os problemas do intestino grosso (cólon), sigmoide e doenças do reto, canal anal e ânus.', 'MEDICINE', '2021-01-01', '2021-01-01', NULL);
INSERT INTO `professionals`.`TB_SPECIALITY` (`ID`, `NAME`, `DESCRIPTION`, `AREA_ID`, `CREATED_AT`, `UPDATED_AT`, `DELETED_AT`) VALUES (18, 'Dermatologia', 'estudo da pele anexos (pelos, glândulas), tratamento e prevenção das as doenças.', 'MEDICINE', '2021-01-01', '2021-01-01', NULL);
INSERT INTO `professionals`.`TB_SPECIALITY` (`ID`, `NAME`, `DESCRIPTION`, `AREA_ID`, `CREATED_AT`, `UPDATED_AT`, `DELETED_AT`) VALUES (19, 'Endocrinologia e Metabologia', 'área da Medicina responsável pelo cuidados aos hormônios, crescimento e glândulas como adrenal, tireoide, hipófise, pâncreas endócrino e outros.', 'MEDICINE', '2021-01-01', '2021-01-01', NULL);
INSERT INTO `professionals`.`TB_SPECIALITY` (`ID`, `NAME`, `DESCRIPTION`, `AREA_ID`, `CREATED_AT`, `UPDATED_AT`, `DELETED_AT`) VALUES (20, 'Endoscopia', 'especialidade médica que se ocupa do estudo dos mecanismo fisiopatológicos, diagnóstico e tratamento de enfermidades passíveis de abordagem por procedimentos endoscópicos e minimamente invasivos.', 'MEDICINE', '2021-01-01', '2021-01-01', NULL);
INSERT INTO `professionals`.`TB_SPECIALITY` (`ID`, `NAME`, `DESCRIPTION`, `AREA_ID`, `CREATED_AT`, `UPDATED_AT`, `DELETED_AT`) VALUES (21, 'Gastroenterologia', 'estudo, diagnóstico, tratamento e prevenção de doenças relacionadas ao aparelho digestivo, desde erros inatos do metabolismo, doença do trato gastrointestinal, doenças do fígado e cânceres.', 'MEDICINE', '2021-01-01', '2021-01-01', NULL);
INSERT INTO `professionals`.`TB_SPECIALITY` (`ID`, `NAME`, `DESCRIPTION`, `AREA_ID`, `CREATED_AT`, `UPDATED_AT`, `DELETED_AT`) VALUES (22, 'Genética médica', 'área da responsável pelo estudo das doenças genéticas humanas e aconselhamento genético.', 'MEDICINE', '2021-01-01', '2021-01-01', NULL);
INSERT INTO `professionals`.`TB_SPECIALITY` (`ID`, `NAME`, `DESCRIPTION`, `AREA_ID`, `CREATED_AT`, `UPDATED_AT`, `DELETED_AT`) VALUES (23, 'Geriatria', 'subespecialidade médica que cuida dos idosos e articula seu tratamento com outras especialidades.', 'MEDICINE', '2021-01-01', '2021-01-01', NULL);
INSERT INTO `professionals`.`TB_SPECIALITY` (`ID`, `NAME`, `DESCRIPTION`, `AREA_ID`, `CREATED_AT`, `UPDATED_AT`, `DELETED_AT`) VALUES (24, 'Ginecologia e obstetrícia', 'especialidade médica que aborda de forma integral a mulher. Trata desde as doenças infecciosas sexuais, gestação, alterações hormonais, reprodução.', 'MEDICINE', '2021-01-01', '2021-01-01', NULL);
INSERT INTO `professionals`.`TB_SPECIALITY` (`ID`, `NAME`, `DESCRIPTION`, `AREA_ID`, `CREATED_AT`, `UPDATED_AT`, `DELETED_AT`) VALUES (25, 'Hematologia e Hemoterapia', 'estudo dos elementos figurados do sangue (hemácias, leucócitos, plaquetas) e da produção desses elementos nos órgãos hematopoiéticos (medula óssea, baço, linfonódos), além de tratar das anemias, linfomas, leucemias e outros cânceres, hemofilia e doenças da coagulação', 'MEDICINE', '2021-01-01', '2021-01-01', NULL);
INSERT INTO `professionals`.`TB_SPECIALITY` (`ID`, `NAME`, `DESCRIPTION`, `AREA_ID`, `CREATED_AT`, `UPDATED_AT`, `DELETED_AT`) VALUES (26, 'Homeopatia', 'prática médica baseada na Lei dos Semelhantes.', 'MEDICINE', '2021-01-01', '2021-01-01', NULL);
INSERT INTO `professionals`.`TB_SPECIALITY` (`ID`, `NAME`, `DESCRIPTION`, `AREA_ID`, `CREATED_AT`, `UPDATED_AT`, `DELETED_AT`) VALUES (27, 'Infectologia', 'prevenção, diagnóstico e tratamentos de infecções causadas por vírus, bactérias, fungos e parasitas (helmintologia, protozoologia, entomologia e artropodologia).', 'MEDICINE', '2021-01-01', '2021-01-01', NULL);
INSERT INTO `professionals`.`TB_SPECIALITY` (`ID`, `NAME`, `DESCRIPTION`, `AREA_ID`, `CREATED_AT`, `UPDATED_AT`, `DELETED_AT`) VALUES (28, 'Mastologia', 'subespecialidade que trata da mama, suas doenças, alterações benignas e estéticas.', 'MEDICINE', '2021-01-01', '2021-01-01', NULL);
INSERT INTO `professionals`.`TB_SPECIALITY` (`ID`, `NAME`, `DESCRIPTION`, `AREA_ID`, `CREATED_AT`, `UPDATED_AT`, `DELETED_AT`) VALUES (29, 'Medicina de Família e Comunidade', 'área da medicina que trata do indivíduo em seu ambiente familiar e comunitário, com foco na prevenção e tratamento das doenças mais comuns, sendo o articulador do encaminhamento aos especialistas quando necessária abordagem mais aprofundada das doenças.', 'MEDICINE', '2021-01-01', '2021-01-01', NULL);
INSERT INTO `professionals`.`TB_SPECIALITY` (`ID`, `NAME`, `DESCRIPTION`, `AREA_ID`, `CREATED_AT`, `UPDATED_AT`, `DELETED_AT`) VALUES (30, 'Medicina de Emergência', 'especialidade que atua no cuidado de pacientes com doenças ou lesões que requerem atenção médica imediata, atuando nas Emergências, pronto-atendimentos e serviços pré-hospitalares.', 'MEDICINE', '2021-01-01', '2021-01-01', NULL);
INSERT INTO `professionals`.`TB_SPECIALITY` (`ID`, `NAME`, `DESCRIPTION`, `AREA_ID`, `CREATED_AT`, `UPDATED_AT`, `DELETED_AT`) VALUES (31, 'Medicina do Trabalho', 'trata do processo de trabalho e da relação deste com as doenças. Atua desde a prevenção dos agravos, a minimização dos efeitos destes e do tratamento das doenças do trabalho quando já estabelecidas.', 'MEDICINE', '2021-01-01', '2021-01-01', NULL);
INSERT INTO `professionals`.`TB_SPECIALITY` (`ID`, `NAME`, `DESCRIPTION`, `AREA_ID`, `CREATED_AT`, `UPDATED_AT`, `DELETED_AT`) VALUES (32, 'Medicina do Tráfego', 'manutenção da saúde no indivíduo que se desloca, qualquer que seja o meio, cuidando das interações deste deslocamento com o indivíduo.', 'MEDICINE', '2021-01-01', '2021-01-01', NULL);
INSERT INTO `professionals`.`TB_SPECIALITY` (`ID`, `NAME`, `DESCRIPTION`, `AREA_ID`, `CREATED_AT`, `UPDATED_AT`, `DELETED_AT`) VALUES (33, 'Medicina Esportiva', 'abordagem do atleta de uma forma global, desde a fisiologia do exercício à prevenção de lesões, passando pelo controle de treino e resolução de problemas de saúde que envolvam o praticante do exercício físico.', 'MEDICINE', '2021-01-01', '2021-01-01', NULL);
INSERT INTO `professionals`.`TB_SPECIALITY` (`ID`, `NAME`, `DESCRIPTION`, `AREA_ID`, `CREATED_AT`, `UPDATED_AT`, `DELETED_AT`) VALUES (34, 'Medicina Física e Reabilitação', 'diagnóstico e terapêutica de diferentes entidades tais como doenças traumáticas, do sistema nervoso central e periférico, orto-traumatológica, cardiorrespiratória.', 'MEDICINE', '2021-01-01', '2021-01-01', NULL);
INSERT INTO `professionals`.`TB_SPECIALITY` (`ID`, `NAME`, `DESCRIPTION`, `AREA_ID`, `CREATED_AT`, `UPDATED_AT`, `DELETED_AT`) VALUES (35, 'Medicina Intensiva', 'o ramo da medicina que se ocupa dos cuidados dos doentes graves ou instáveis, que emprega maior número de recursos tecnológicos e humanos no tratamento de doenças ou complicações de doenças, congregando conhecimento da maioria das especialidades médicas e outras áreas de saúde.', 'MEDICINE', '2021-01-01', '2021-01-01', NULL);
INSERT INTO `professionals`.`TB_SPECIALITY` (`ID`, `NAME`, `DESCRIPTION`, `AREA_ID`, `CREATED_AT`, `UPDATED_AT`, `DELETED_AT`) VALUES (36, 'Medicina Legal e Perícia Médica (ou medicina forense)', 'especialidade que aplica os conhecimentos médicos aos interesses da Justiça, na elaboração de leis e na adequada caracterização dos fenômenos biológicos que possam interessar às autoridades no sentido da aplicação das leis. Assim a Medicina Legal caracteriza a lesão corporal, a morte (sua causa, o momento em que ocorreu, que agente a produziu), a embriaguez pelo álcool ou pelas demais drogas, a violência sexual de qualquer natureza, etc.', 'MEDICINE', '2021-01-01', '2021-01-01', NULL);
INSERT INTO `professionals`.`TB_SPECIALITY` (`ID`, `NAME`, `DESCRIPTION`, `AREA_ID`, `CREATED_AT`, `UPDATED_AT`, `DELETED_AT`) VALUES (37, 'Medicina Nuclear', 'estudo imaginológico ou terapia pelo uso de radiofármacos.', 'MEDICINE', '2021-01-01', '2021-01-01', NULL);
INSERT INTO `professionals`.`TB_SPECIALITY` (`ID`, `NAME`, `DESCRIPTION`, `AREA_ID`, `CREATED_AT`, `UPDATED_AT`, `DELETED_AT`) VALUES (38, 'Medicina Preventiva e Social', 'se dedica especificamente à prevenção de doenças gerais (de várias áreas), porém não unicamente, já que cada área ou especialidade está também capacitada para tal.', 'MEDICINE', '2021-01-01', '2021-01-01', NULL);
INSERT INTO `professionals`.`TB_SPECIALITY` (`ID`, `NAME`, `DESCRIPTION`, `AREA_ID`, `CREATED_AT`, `UPDATED_AT`, `DELETED_AT`) VALUES (39, 'Nefrologia', 'parte da medicina que estuda e trata clinicamente as doenças do rim, como insuficiência renal.', 'MEDICINE', '2021-01-01', '2021-01-01', NULL);
INSERT INTO `professionals`.`TB_SPECIALITY` (`ID`, `NAME`, `DESCRIPTION`, `AREA_ID`, `CREATED_AT`, `UPDATED_AT`, `DELETED_AT`) VALUES (40, 'Neurocirurgia', 'atua no tratamento de doenças do sistema nervoso central e periférico passíveis de abordagem cirúrgica.', 'MEDICINE', '2021-01-01', '2021-01-01', NULL);
INSERT INTO `professionals`.`TB_SPECIALITY` (`ID`, `NAME`, `DESCRIPTION`, `AREA_ID`, `CREATED_AT`, `UPDATED_AT`, `DELETED_AT`) VALUES (41, 'Neurologia', 'parte da medicina que estuda e trata o sistema nervoso.', 'MEDICINE', '2021-01-01', '2021-01-01', NULL);
INSERT INTO `professionals`.`TB_SPECIALITY` (`ID`, `NAME`, `DESCRIPTION`, `AREA_ID`, `CREATED_AT`, `UPDATED_AT`, `DELETED_AT`) VALUES (42, 'Nutrologia', 'diagnóstico, prevenção e tratamento de doenças do comportamento alimentar.', 'MEDICINE', '2021-01-01', '2021-01-01', NULL);
INSERT INTO `professionals`.`TB_SPECIALITY` (`ID`, `NAME`, `DESCRIPTION`, `AREA_ID`, `CREATED_AT`, `UPDATED_AT`, `DELETED_AT`) VALUES (43, 'Obstetrícia', 'área da medicina atrelada à Ginecologia que cuida das mulheres em relação ao processo da gestação (pré, pós-parto, puerpério, gestação e outros).', 'MEDICINE', '2021-01-01', '2021-01-01', NULL);
INSERT INTO `professionals`.`TB_SPECIALITY` (`ID`, `NAME`, `DESCRIPTION`, `AREA_ID`, `CREATED_AT`, `UPDATED_AT`, `DELETED_AT`) VALUES (44, 'Oftalmologia', 'parte da medicina que estuda e trata os distúrbios dos olhos.', 'MEDICINE', '2021-01-01', '2021-01-01', NULL);
INSERT INTO `professionals`.`TB_SPECIALITY` (`ID`, `NAME`, `DESCRIPTION`, `AREA_ID`, `CREATED_AT`, `UPDATED_AT`, `DELETED_AT`) VALUES (45, 'Ortopedia e Traumatologia', 'parte da medicina que estuda e trata as doenças do sistema osteomuscular, locomoção, crescimento, deformidades e as fraturas.', 'MEDICINE', '2021-01-01', '2021-01-01', NULL);
INSERT INTO `professionals`.`TB_SPECIALITY` (`ID`, `NAME`, `DESCRIPTION`, `AREA_ID`, `CREATED_AT`, `UPDATED_AT`, `DELETED_AT`) VALUES (46, 'Otorrinolaringologia', 'parte da medicina que estuda e trata as doenças da orelha, nariz, seios paranasais, faringe e laringe.', 'MEDICINE', '2021-01-01', '2021-01-01', NULL);
INSERT INTO `professionals`.`TB_SPECIALITY` (`ID`, `NAME`, `DESCRIPTION`, `AREA_ID`, `CREATED_AT`, `UPDATED_AT`, `DELETED_AT`) VALUES (47, 'Patologia (também anatomia patológica ou patologia cirúrgica)', 'especialidade que se ocupa da análise macroscópica, microscópica e molecular das doenças em autópsias, espécimes cirúrgicos, biópsias e preparados citológicos. Ela faz a ligação entre a ciência básica e a prática clínica.', 'MEDICINE', '2021-01-01', '2021-01-01', NULL);
INSERT INTO `professionals`.`TB_SPECIALITY` (`ID`, `NAME`, `DESCRIPTION`, `AREA_ID`, `CREATED_AT`, `UPDATED_AT`, `DELETED_AT`) VALUES (48, 'Patologia Clínica/Medicina laboratorial', 'especialidade médica investigativa e atua como parte do processo diagnóstico das doenças.', 'MEDICINE', '2021-01-01', '2021-01-01', NULL);
INSERT INTO `professionals`.`TB_SPECIALITY` (`ID`, `NAME`, `DESCRIPTION`, `AREA_ID`, `CREATED_AT`, `UPDATED_AT`, `DELETED_AT`) VALUES (49, 'Pediatria', 'parte da medicina que estuda e trata crianças.', 'MEDICINE', '2021-01-01', '2021-01-01', NULL);
INSERT INTO `professionals`.`TB_SPECIALITY` (`ID`, `NAME`, `DESCRIPTION`, `AREA_ID`, `CREATED_AT`, `UPDATED_AT`, `DELETED_AT`) VALUES (50, 'Pneumologia', 'parte da medicina que estuda e trata o sistema respiratório.', 'MEDICINE', '2021-01-01', '2021-01-01', NULL);
INSERT INTO `professionals`.`TB_SPECIALITY` (`ID`, `NAME`, `DESCRIPTION`, `AREA_ID`, `CREATED_AT`, `UPDATED_AT`, `DELETED_AT`) VALUES (51, 'Psiquiatria', 'parte da medicina que previne e trata ao transtornos mentais e comportamentais.', 'MEDICINE', '2021-01-01', '2021-01-01', NULL);
INSERT INTO `professionals`.`TB_SPECIALITY` (`ID`, `NAME`, `DESCRIPTION`, `AREA_ID`, `CREATED_AT`, `UPDATED_AT`, `DELETED_AT`) VALUES (52, 'Radiologia e Diagnóstico por Imagem', 'realização e interpretação de exames de imagem como raio-X, ultrassonografia, Doppler colorido, Tomografia Computadorizada, Ressonância Magnética, entre outros.', 'MEDICINE', '2021-01-01', '2021-01-01', NULL);
INSERT INTO `professionals`.`TB_SPECIALITY` (`ID`, `NAME`, `DESCRIPTION`, `AREA_ID`, `CREATED_AT`, `UPDATED_AT`, `DELETED_AT`) VALUES (53, 'Radioterapia', 'tratamento empregado em doenças várias, com o uso de raio X ou outra forma de energia radiante.', 'MEDICINE', '2021-01-01', '2021-01-01', NULL);
INSERT INTO `professionals`.`TB_SPECIALITY` (`ID`, `NAME`, `DESCRIPTION`, `AREA_ID`, `CREATED_AT`, `UPDATED_AT`, `DELETED_AT`) VALUES (54, 'Reumatologia', 'especialidade médica que trata das doenças do tecido conjuntivo, articulações e doenças autoimunes.', 'MEDICINE', '2021-01-01', '2021-01-01', NULL);
INSERT INTO `professionals`.`TB_SPECIALITY` (`ID`, `NAME`, `DESCRIPTION`, `AREA_ID`, `CREATED_AT`, `UPDATED_AT`, `DELETED_AT`) VALUES (55, 'Urologia', 'parte da medicina que estuda e trata cirurgicamente e clinicamente os problemas do sistema urinário e do sistema reprodutor masculino e feminino.', 'MEDICINE', '2021-01-01', '2021-01-01', NULL);

COMMIT;


-- -----------------------------------------------------
-- Data for table `professionals`.`TB_COUNTRY`
-- -----------------------------------------------------
START TRANSACTION;
USE `professionals`;
INSERT INTO `professionals`.`TB_COUNTRY` (`ID`, `NAME`, `LOCALE`, `CURRENCY_CODE`, `PROVINCE_DESIGNATION`, `CREATED_AT`, `UPDATED_AT`, `DELETED_AT`) VALUES ('BR', 'BRAZIL', 'pt_BR', 'BRL', 'STATE', '2021-01-01', '2021-01-01', NULL);
INSERT INTO `professionals`.`TB_COUNTRY` (`ID`, `NAME`, `LOCALE`, `CURRENCY_CODE`, `PROVINCE_DESIGNATION`, `CREATED_AT`, `UPDATED_AT`, `DELETED_AT`) VALUES ('PT', 'PORTUGAL', 'pt_PT', 'EUR', 'DISTRICT', '2021-01-01', '2021-01-01', NULL);
INSERT INTO `professionals`.`TB_COUNTRY` (`ID`, `NAME`, `LOCALE`, `CURRENCY_CODE`, `PROVINCE_DESIGNATION`, `CREATED_AT`, `UPDATED_AT`, `DELETED_AT`) VALUES ('ES', 'SPAIN', 'es_ES', 'EUR', 'PROVINCE', '2021-01-01', '2021-01-01', NULL);

COMMIT;


-- -----------------------------------------------------
-- Data for table `professionals`.`TB_USER`
-- -----------------------------------------------------
START TRANSACTION;
USE `professionals`;
INSERT INTO `professionals`.`TB_USER` (`ID`, `NAME`, `GENDER`, `BIRTH`, `PHOTO_FILENAME`, `NATURALITY`, `NATIONALITY_ID`, `TAX_ID`, `TAX_ID_ISSUED_AT`, `CREATED_AT`, `UPDATED_AT`, `DELETED_AT`) VALUES ('6c84fb90-12c4-11e1-840d-7b25c5ee775a', 'MARCOS SIXEL', 'M', '1976-12-31', '', 'NITEROI', 'BR', '07515217790', '1995-01-01', '2021-01-01', DEFAULT, NULL);

COMMIT;


-- -----------------------------------------------------
-- Data for table `professionals`.`TB_PROVINCE`
-- -----------------------------------------------------
START TRANSACTION;
USE `professionals`;
INSERT INTO `professionals`.`TB_PROVINCE` (`ID`, `CODE`, `NAME`, `COUNTRY_ID`, `CREATED_AT`, `UPDATED_AT`, `DELETED_AT`) VALUES (101, 'AC', 'ACRE', 'BR', '2021-01-01', '2021-01-01', NULL);
INSERT INTO `professionals`.`TB_PROVINCE` (`ID`, `CODE`, `NAME`, `COUNTRY_ID`, `CREATED_AT`, `UPDATED_AT`, `DELETED_AT`) VALUES (102, 'AL', 'ALAGOAS', 'BR', '2021-01-01', '2021-01-01', NULL);
INSERT INTO `professionals`.`TB_PROVINCE` (`ID`, `CODE`, `NAME`, `COUNTRY_ID`, `CREATED_AT`, `UPDATED_AT`, `DELETED_AT`) VALUES (103, 'AP', 'AMAPA', 'BR', '2021-01-01', '2021-01-01', NULL);
INSERT INTO `professionals`.`TB_PROVINCE` (`ID`, `CODE`, `NAME`, `COUNTRY_ID`, `CREATED_AT`, `UPDATED_AT`, `DELETED_AT`) VALUES (104, 'AM', 'AMAZONAS', 'BR', '2021-01-01', '2021-01-01', NULL);
INSERT INTO `professionals`.`TB_PROVINCE` (`ID`, `CODE`, `NAME`, `COUNTRY_ID`, `CREATED_AT`, `UPDATED_AT`, `DELETED_AT`) VALUES (105, 'BA', 'BAHIA', 'BR', '2021-01-01', '2021-01-01', NULL);
INSERT INTO `professionals`.`TB_PROVINCE` (`ID`, `CODE`, `NAME`, `COUNTRY_ID`, `CREATED_AT`, `UPDATED_AT`, `DELETED_AT`) VALUES (106, 'CE', 'CEARA', 'BR', '2021-01-01', '2021-01-01', NULL);
INSERT INTO `professionals`.`TB_PROVINCE` (`ID`, `CODE`, `NAME`, `COUNTRY_ID`, `CREATED_AT`, `UPDATED_AT`, `DELETED_AT`) VALUES (107, 'DF', 'DISTRITO FEDERAL', 'BR', '2021-01-01', '2021-01-01', NULL);
INSERT INTO `professionals`.`TB_PROVINCE` (`ID`, `CODE`, `NAME`, `COUNTRY_ID`, `CREATED_AT`, `UPDATED_AT`, `DELETED_AT`) VALUES (108, 'ES', 'ESPIRITO SANTO', 'BR', '2021-01-01', '2021-01-01', NULL);
INSERT INTO `professionals`.`TB_PROVINCE` (`ID`, `CODE`, `NAME`, `COUNTRY_ID`, `CREATED_AT`, `UPDATED_AT`, `DELETED_AT`) VALUES (109, 'GO', 'GOIAS', 'BR', '2021-01-01', '2021-01-01', NULL);
INSERT INTO `professionals`.`TB_PROVINCE` (`ID`, `CODE`, `NAME`, `COUNTRY_ID`, `CREATED_AT`, `UPDATED_AT`, `DELETED_AT`) VALUES (110, 'MA', 'MARANHAO', 'BR', '2021-01-01', '2021-01-01', NULL);
INSERT INTO `professionals`.`TB_PROVINCE` (`ID`, `CODE`, `NAME`, `COUNTRY_ID`, `CREATED_AT`, `UPDATED_AT`, `DELETED_AT`) VALUES (111, 'MT', 'MATO GROSSO', 'BR', '2021-01-01', '2021-01-01', NULL);
INSERT INTO `professionals`.`TB_PROVINCE` (`ID`, `CODE`, `NAME`, `COUNTRY_ID`, `CREATED_AT`, `UPDATED_AT`, `DELETED_AT`) VALUES (112, 'MS', 'MATO GROSSO DO SUL', 'BR', '2021-01-01', '2021-01-01', NULL);
INSERT INTO `professionals`.`TB_PROVINCE` (`ID`, `CODE`, `NAME`, `COUNTRY_ID`, `CREATED_AT`, `UPDATED_AT`, `DELETED_AT`) VALUES (113, 'MG', 'MINAS GERAIS', 'BR', '2021-01-01', '2021-01-01', NULL);
INSERT INTO `professionals`.`TB_PROVINCE` (`ID`, `CODE`, `NAME`, `COUNTRY_ID`, `CREATED_AT`, `UPDATED_AT`, `DELETED_AT`) VALUES (114, 'PA', 'PARA', 'BR', '2021-01-01', '2021-01-01', NULL);
INSERT INTO `professionals`.`TB_PROVINCE` (`ID`, `CODE`, `NAME`, `COUNTRY_ID`, `CREATED_AT`, `UPDATED_AT`, `DELETED_AT`) VALUES (115, 'PB', 'PARAIBA', 'BR', '2021-01-01', '2021-01-01', NULL);
INSERT INTO `professionals`.`TB_PROVINCE` (`ID`, `CODE`, `NAME`, `COUNTRY_ID`, `CREATED_AT`, `UPDATED_AT`, `DELETED_AT`) VALUES (116, 'PR', 'PARANA', 'BR', '2021-01-01', '2021-01-01', NULL);
INSERT INTO `professionals`.`TB_PROVINCE` (`ID`, `CODE`, `NAME`, `COUNTRY_ID`, `CREATED_AT`, `UPDATED_AT`, `DELETED_AT`) VALUES (117, 'PE', 'PERNAMBUCO', 'BR', '2021-01-01', '2021-01-01', NULL);
INSERT INTO `professionals`.`TB_PROVINCE` (`ID`, `CODE`, `NAME`, `COUNTRY_ID`, `CREATED_AT`, `UPDATED_AT`, `DELETED_AT`) VALUES (118, 'PI', 'PIAUI', 'BR', '2021-01-01', '2021-01-01', NULL);
INSERT INTO `professionals`.`TB_PROVINCE` (`ID`, `CODE`, `NAME`, `COUNTRY_ID`, `CREATED_AT`, `UPDATED_AT`, `DELETED_AT`) VALUES (119, 'RJ', 'RIO DE JANEIRO', 'BR', '2021-01-01', '2021-01-01', NULL);
INSERT INTO `professionals`.`TB_PROVINCE` (`ID`, `CODE`, `NAME`, `COUNTRY_ID`, `CREATED_AT`, `UPDATED_AT`, `DELETED_AT`) VALUES (120, 'RN', 'RIO GRANDE DO NORTE', 'BR', '2021-01-01', '2021-01-01', NULL);
INSERT INTO `professionals`.`TB_PROVINCE` (`ID`, `CODE`, `NAME`, `COUNTRY_ID`, `CREATED_AT`, `UPDATED_AT`, `DELETED_AT`) VALUES (121, 'RS', 'RIO GRANDE DO SUL', 'BR', '2021-01-01', '2021-01-01', NULL);
INSERT INTO `professionals`.`TB_PROVINCE` (`ID`, `CODE`, `NAME`, `COUNTRY_ID`, `CREATED_AT`, `UPDATED_AT`, `DELETED_AT`) VALUES (122, 'RO', 'RONDONIA', 'BR', '2021-01-01', '2021-01-01', NULL);
INSERT INTO `professionals`.`TB_PROVINCE` (`ID`, `CODE`, `NAME`, `COUNTRY_ID`, `CREATED_AT`, `UPDATED_AT`, `DELETED_AT`) VALUES (123, 'RR', 'RORAIMA', 'BR', '2021-01-01', '2021-01-01', NULL);
INSERT INTO `professionals`.`TB_PROVINCE` (`ID`, `CODE`, `NAME`, `COUNTRY_ID`, `CREATED_AT`, `UPDATED_AT`, `DELETED_AT`) VALUES (124, 'SC', 'SANTA CATARINA', 'BR', '2021-01-01', '2021-01-01', NULL);
INSERT INTO `professionals`.`TB_PROVINCE` (`ID`, `CODE`, `NAME`, `COUNTRY_ID`, `CREATED_AT`, `UPDATED_AT`, `DELETED_AT`) VALUES (125, 'SP', 'SAO PAULO', 'BR', '2021-01-01', '2021-01-01', NULL);
INSERT INTO `professionals`.`TB_PROVINCE` (`ID`, `CODE`, `NAME`, `COUNTRY_ID`, `CREATED_AT`, `UPDATED_AT`, `DELETED_AT`) VALUES (126, 'SE', 'SERGIPE', 'BR', '2021-01-01', '2021-01-01', NULL);
INSERT INTO `professionals`.`TB_PROVINCE` (`ID`, `CODE`, `NAME`, `COUNTRY_ID`, `CREATED_AT`, `UPDATED_AT`, `DELETED_AT`) VALUES (127, 'TO', 'TOCANTINS', 'BR', '2021-01-01', '2021-01-01', NULL);
INSERT INTO `professionals`.`TB_PROVINCE` (`ID`, `CODE`, `NAME`, `COUNTRY_ID`, `CREATED_AT`, `UPDATED_AT`, `DELETED_AT`) VALUES (201, 'AV', 'AVEIRO', 'PT', '2021-01-01', '2021-01-01', NULL);
INSERT INTO `professionals`.`TB_PROVINCE` (`ID`, `CODE`, `NAME`, `COUNTRY_ID`, `CREATED_AT`, `UPDATED_AT`, `DELETED_AT`) VALUES (202, 'BE', 'BEJA', 'PT', '2021-01-01', '2021-01-01', NULL);
INSERT INTO `professionals`.`TB_PROVINCE` (`ID`, `CODE`, `NAME`, `COUNTRY_ID`, `CREATED_AT`, `UPDATED_AT`, `DELETED_AT`) VALUES (203, 'BR', 'BRAGA', 'PT', '2021-01-01', '2021-01-01', NULL);
INSERT INTO `professionals`.`TB_PROVINCE` (`ID`, `CODE`, `NAME`, `COUNTRY_ID`, `CREATED_AT`, `UPDATED_AT`, `DELETED_AT`) VALUES (204, 'BC', 'BRAGANCA', 'PT', '2021-01-01', '2021-01-01', NULL);
INSERT INTO `professionals`.`TB_PROVINCE` (`ID`, `CODE`, `NAME`, `COUNTRY_ID`, `CREATED_AT`, `UPDATED_AT`, `DELETED_AT`) VALUES (205, 'CB', 'CASTELO BRANCO', 'PT', '2021-01-01', '2021-01-01', NULL);
INSERT INTO `professionals`.`TB_PROVINCE` (`ID`, `CODE`, `NAME`, `COUNTRY_ID`, `CREATED_AT`, `UPDATED_AT`, `DELETED_AT`) VALUES (206, 'CO', 'COIMBRA', 'PT', '2021-01-01', '2021-01-01', NULL);
INSERT INTO `professionals`.`TB_PROVINCE` (`ID`, `CODE`, `NAME`, `COUNTRY_ID`, `CREATED_AT`, `UPDATED_AT`, `DELETED_AT`) VALUES (207, 'EV', 'EVORA', 'PT', '2021-01-01', '2021-01-01', NULL);
INSERT INTO `professionals`.`TB_PROVINCE` (`ID`, `CODE`, `NAME`, `COUNTRY_ID`, `CREATED_AT`, `UPDATED_AT`, `DELETED_AT`) VALUES (208, 'FA', 'FARO', 'PT', '2021-01-01', '2021-01-01', NULL);
INSERT INTO `professionals`.`TB_PROVINCE` (`ID`, `CODE`, `NAME`, `COUNTRY_ID`, `CREATED_AT`, `UPDATED_AT`, `DELETED_AT`) VALUES (209, 'GA', 'GUARDA', 'PT', '2021-01-01', '2021-01-01', NULL);
INSERT INTO `professionals`.`TB_PROVINCE` (`ID`, `CODE`, `NAME`, `COUNTRY_ID`, `CREATED_AT`, `UPDATED_AT`, `DELETED_AT`) VALUES (210, 'LE', 'LEIRIA', 'PT', '2021-01-01', '2021-01-01', NULL);
INSERT INTO `professionals`.`TB_PROVINCE` (`ID`, `CODE`, `NAME`, `COUNTRY_ID`, `CREATED_AT`, `UPDATED_AT`, `DELETED_AT`) VALUES (211, 'LI', 'LISBOA', 'PT', '2021-01-01', '2021-01-01', NULL);
INSERT INTO `professionals`.`TB_PROVINCE` (`ID`, `CODE`, `NAME`, `COUNTRY_ID`, `CREATED_AT`, `UPDATED_AT`, `DELETED_AT`) VALUES (212, 'PA', 'PORTALEGRE', 'PT', '2021-01-01', '2021-01-01', NULL);
INSERT INTO `professionals`.`TB_PROVINCE` (`ID`, `CODE`, `NAME`, `COUNTRY_ID`, `CREATED_AT`, `UPDATED_AT`, `DELETED_AT`) VALUES (213, 'PO', 'PORTO', 'PT', '2021-01-01', '2021-01-01', NULL);
INSERT INTO `professionals`.`TB_PROVINCE` (`ID`, `CODE`, `NAME`, `COUNTRY_ID`, `CREATED_AT`, `UPDATED_AT`, `DELETED_AT`) VALUES (214, 'SA', 'SANTAREM', 'PT', '2021-01-01', '2021-01-01', NULL);
INSERT INTO `professionals`.`TB_PROVINCE` (`ID`, `CODE`, `NAME`, `COUNTRY_ID`, `CREATED_AT`, `UPDATED_AT`, `DELETED_AT`) VALUES (215, 'SE', 'SETUBAL', 'PT', '2021-01-01', '2021-01-01', NULL);
INSERT INTO `professionals`.`TB_PROVINCE` (`ID`, `CODE`, `NAME`, `COUNTRY_ID`, `CREATED_AT`, `UPDATED_AT`, `DELETED_AT`) VALUES (216, 'VC', 'VIANA DO CASTELO', 'PT', '2021-01-01', '2021-01-01', NULL);
INSERT INTO `professionals`.`TB_PROVINCE` (`ID`, `CODE`, `NAME`, `COUNTRY_ID`, `CREATED_AT`, `UPDATED_AT`, `DELETED_AT`) VALUES (217, 'VR', 'VILA REAL', 'PT', '2021-01-01', '2021-01-01', NULL);
INSERT INTO `professionals`.`TB_PROVINCE` (`ID`, `CODE`, `NAME`, `COUNTRY_ID`, `CREATED_AT`, `UPDATED_AT`, `DELETED_AT`) VALUES (218, 'VI', 'VISEU', 'PT', '2021-01-01', '2021-01-01', NULL);
INSERT INTO `professionals`.`TB_PROVINCE` (`ID`, `CODE`, `NAME`, `COUNTRY_ID`, `CREATED_AT`, `UPDATED_AT`, `DELETED_AT`) VALUES (301, 'MD', 'MADRID', 'PT', '2021-01-01', '2021-01-01', NULL);

COMMIT;


-- -----------------------------------------------------
-- Data for table `professionals`.`TB_PAYMENT_METHOD`
-- -----------------------------------------------------
START TRANSACTION;
USE `professionals`;
INSERT INTO `professionals`.`TB_PAYMENT_METHOD` (`ID`, `NAME`, `DESCRIPTION`, `CREATED_AT`, `UPDATED_AT`, `DELETED_AT`) VALUES ('CC', 'CREDIT CARD', '', '2021-01-01', DEFAULT, NULL);
INSERT INTO `professionals`.`TB_PAYMENT_METHOD` (`ID`, `NAME`, `DESCRIPTION`, `CREATED_AT`, `UPDATED_AT`, `DELETED_AT`) VALUES ('DD', 'DIRECT DEBIT', '', '2021-01-01', DEFAULT, NULL);
INSERT INTO `professionals`.`TB_PAYMENT_METHOD` (`ID`, `NAME`, `DESCRIPTION`, `CREATED_AT`, `UPDATED_AT`, `DELETED_AT`) VALUES ('VW', 'VIRTUAL WALLET', '', '2021-01-01', DEFAULT, NULL);

COMMIT;


-- -----------------------------------------------------
-- Data for table `professionals`.`TB_PAYMENT_GATEWAY`
-- -----------------------------------------------------
START TRANSACTION;
USE `professionals`;
INSERT INTO `professionals`.`TB_PAYMENT_GATEWAY` (`ID`, `NAME`, `DESCRIPTION`, `CREATED_AT`, `UPDATED_AT`, `DELETED_AT`) VALUES ('PP', 'PAYPAL', '', '2021-01-01', DEFAULT, NULL);
INSERT INTO `professionals`.`TB_PAYMENT_GATEWAY` (`ID`, `NAME`, `DESCRIPTION`, `CREATED_AT`, `UPDATED_AT`, `DELETED_AT`) VALUES ('PS', 'PAGSEGURO', NULL, '2021-01-01', DEFAULT, NULL);
INSERT INTO `professionals`.`TB_PAYMENT_GATEWAY` (`ID`, `NAME`, `DESCRIPTION`, `CREATED_AT`, `UPDATED_AT`, `DELETED_AT`) VALUES ('BP', 'BRASPAG', NULL, '2021-01-01', DEFAULT, NULL);
INSERT INTO `professionals`.`TB_PAYMENT_GATEWAY` (`ID`, `NAME`, `DESCRIPTION`, `CREATED_AT`, `UPDATED_AT`, `DELETED_AT`) VALUES ('MB', 'MB WAY', '', '2021-01-01', DEFAULT, NULL);

COMMIT;


-- -----------------------------------------------------
-- Data for table `professionals`.`TB_PAYMENT_GATEWAY_METHOD_XREF`
-- -----------------------------------------------------
START TRANSACTION;
USE `professionals`;
INSERT INTO `professionals`.`TB_PAYMENT_GATEWAY_METHOD_XREF` (`PAYMENT_GATEWAY_ID`, `PAYMENT_METHOD_ID`, `CREATED_AT`, `DELETED_AT`) VALUES ('PP', 'CC', '2021-01-01', NULL);
INSERT INTO `professionals`.`TB_PAYMENT_GATEWAY_METHOD_XREF` (`PAYMENT_GATEWAY_ID`, `PAYMENT_METHOD_ID`, `CREATED_AT`, `DELETED_AT`) VALUES ('PP', 'DD', '2021-01-01', NULL);

COMMIT;


-- -----------------------------------------------------
-- Data for table `professionals`.`TB_ROLE`
-- -----------------------------------------------------
START TRANSACTION;
USE `professionals`;
INSERT INTO `professionals`.`TB_ROLE` (`ID`, `NAME`, `DESCRIPTION`, `CREATED_AT`, `UPDATED_AT`, `DELETED_AT`) VALUES ('ADMN', 'ADMIN', 'ADMINISTRATOR', '2021-01-01', DEFAULT, NULL);
INSERT INTO `professionals`.`TB_ROLE` (`ID`, `NAME`, `DESCRIPTION`, `CREATED_AT`, `UPDATED_AT`, `DELETED_AT`) VALUES ('PROF', 'PROFESSIONAL', 'PROFESSIONAL', '2021-01-01', DEFAULT, NULL);
INSERT INTO `professionals`.`TB_ROLE` (`ID`, `NAME`, `DESCRIPTION`, `CREATED_AT`, `UPDATED_AT`, `DELETED_AT`) VALUES ('CUST', 'CUSTOMER', 'CUSTOMER', '2021-01-01', DEFAULT, NULL);

COMMIT;


-- -----------------------------------------------------
-- Data for table `professionals`.`TB_USER_ROLE`
-- -----------------------------------------------------
START TRANSACTION;
USE `professionals`;
INSERT INTO `professionals`.`TB_USER_ROLE` (`USER_ID`, `ROLE_ID`) VALUES ('6c84fb90-12c4-11e1-840d-7b25c5ee775a', 'ADMN');
INSERT INTO `professionals`.`TB_USER_ROLE` (`USER_ID`, `ROLE_ID`) VALUES ('6c84fb90-12c4-11e1-840d-7b25c5ee775a', 'PROF');
INSERT INTO `professionals`.`TB_USER_ROLE` (`USER_ID`, `ROLE_ID`) VALUES ('6c84fb90-12c4-11e1-840d-7b25c5ee775a', 'CUST');

COMMIT;


-- -----------------------------------------------------
-- Data for table `professionals`.`TB_REFERENCE_TYPE`
-- -----------------------------------------------------
START TRANSACTION;
USE `professionals`;
INSERT INTO `professionals`.`TB_REFERENCE_TYPE` (`ID`, `NAME`, `DESCRIPTION`, `CREATED_AT`, `UPDATED_AT`, `DELETED_AT`) VALUES ('EMPL', 'EMPLOYER', NULL, '2021-01-01', '2021-01-01', NULL);
INSERT INTO `professionals`.`TB_REFERENCE_TYPE` (`ID`, `NAME`, `DESCRIPTION`, `CREATED_AT`, `UPDATED_AT`, `DELETED_AT`) VALUES ('COWK', 'CO-WORKER', NULL, '2021-01-01', '2021-01-01', NULL);

COMMIT;


-- -----------------------------------------------------
-- Data for table `professionals`.`TB_CONTACT_TYPE`
-- -----------------------------------------------------
START TRANSACTION;
USE `professionals`;
INSERT INTO `professionals`.`TB_CONTACT_TYPE` (`ID`, `NAME`, `CREATED_AT`, `UPDATED_AT`, `DELETED_AT`) VALUES ('ELTCMAIL', 'ELETRONIC MAIL', '2021-01-01', '2021-01-01', NULL);
INSERT INTO `professionals`.`TB_CONTACT_TYPE` (`ID`, `NAME`, `CREATED_AT`, `UPDATED_AT`, `DELETED_AT`) VALUES ('CELPHONE', 'MOBILE CELLPHONE', '2021-01-01', '2021-01-01', NULL);
INSERT INTO `professionals`.`TB_CONTACT_TYPE` (`ID`, `NAME`, `CREATED_AT`, `UPDATED_AT`, `DELETED_AT`) VALUES ('LANDLINE', 'LANDLINE PHONE', '2021-01-01', '2021-01-01', NULL);

COMMIT;


-- -----------------------------------------------------
-- Data for table `professionals`.`TB_USER_CONTACT`
-- -----------------------------------------------------
START TRANSACTION;
USE `professionals`;
INSERT INTO `professionals`.`TB_USER_CONTACT` (`USER_ID`, `CONTACT_ID`, `CONTACT_TYPE_ID`, `CONTACT_TEXT`, `DEFAULT`, `CREATED_AT`, `UPDATED_AT`, `DELETED_AT`) VALUES ('6c84fb90-12c4-11e1-840d-7b25c5ee775a', 1, 'LANDLINE', '+351 939 190 492', 0, '2021-01-01', DEFAULT, NULL);
INSERT INTO `professionals`.`TB_USER_CONTACT` (`USER_ID`, `CONTACT_ID`, `CONTACT_TYPE_ID`, `CONTACT_TEXT`, `DEFAULT`, `CREATED_AT`, `UPDATED_AT`, `DELETED_AT`) VALUES ('6c84fb90-12c4-11e1-840d-7b25c5ee775a', 2, 'ELTCMAIL', 'marcos.sixel@gmail.com', 1, '2021-01-01', DEFAULT, NULL);

COMMIT;


-- -----------------------------------------------------
-- Data for table `professionals`.`TB_USER_ADDRESS`
-- -----------------------------------------------------
START TRANSACTION;
USE `professionals`;
INSERT INTO `professionals`.`TB_USER_ADDRESS` (`USER_ID`, `ADDRESS_ID`, `STREET`, `NUMBER`, `COMPLEMENT`, `POSTAL_CODE`, `COUNTRY_ID`, `PROVINCE_ID`, `PROVINCE_OTHER`, `CITY`, `DEFAULT`, `CREATED_AT`, `UPDATED_AT`, `DELETED_AT`) VALUES ('6c84fb90-12c4-11e1-840d-7b25c5ee775a', 1, 'LARGO QUINTA DO JARDIM', 2, '3o ESQ', '2760-100', 'PT', 201, NULL, 'CAXIAS', 1, '2021-01-01', '2021-01-01', NULL);
INSERT INTO `professionals`.`TB_USER_ADDRESS` (`USER_ID`, `ADDRESS_ID`, `STREET`, `NUMBER`, `COMPLEMENT`, `POSTAL_CODE`, `COUNTRY_ID`, `PROVINCE_ID`, `PROVINCE_OTHER`, `CITY`, `DEFAULT`, `CREATED_AT`, `UPDATED_AT`, `DELETED_AT`) VALUES ('6c84fb90-12c4-11e1-840d-7b25c5ee775a', 2, 'AVENIDA PARADA PINTO', 3556, 'APTO 194', '24110-230', 'BR', 125, NULL, 'SAO PAULO', 0, '2021-01-01', '2021-01-01', NULL);

COMMIT;


-- -----------------------------------------------------
-- Data for table `professionals`.`TB_AUTH_TYPE`
-- -----------------------------------------------------
START TRANSACTION;
USE `professionals`;
INSERT INTO `professionals`.`TB_AUTH_TYPE` (`ID`, `NAME`, `PROVIDER_ID`, `CREATED_AT`, `UPDATED_AT`, `DELETED_AT`) VALUES ('UPWD', 'USER AND PASSWORD', '', '2021-01-01', '2021-01-01', NULL);
INSERT INTO `professionals`.`TB_AUTH_TYPE` (`ID`, `NAME`, `PROVIDER_ID`, `CREATED_AT`, `UPDATED_AT`, `DELETED_AT`) VALUES ('GOGL', 'GOOGLE', 'HASH_ID', '2021-01-01', '2021-01-01', NULL);
INSERT INTO `professionals`.`TB_AUTH_TYPE` (`ID`, `NAME`, `PROVIDER_ID`, `CREATED_AT`, `UPDATED_AT`, `DELETED_AT`) VALUES ('FCBK', 'FACEBOOK', 'HASH_ID', '2021-01-01', '2021-01-01', NULL);

COMMIT;


-- -----------------------------------------------------
-- Data for table `professionals`.`TB_CREDENTIAL`
-- -----------------------------------------------------
START TRANSACTION;
USE `professionals`;
INSERT INTO `professionals`.`TB_CREDENTIAL` (`USER_ID`, `CREDENTIAL_ID`, `AUTH_TYPE_ID`, `LOGIN`, `PASSWORD`, `CREATED_AT`, `UPDATED_AT`, `VALIDATED_AT`, `DELETED_AT`) VALUES ('6c84fb90-12c4-11e1-840d-7b25c5ee775a', 1, 'UPWD', 'marcos.sixel@gmail.com', '123', '2021-01-01', DEFAULT, '2021-01-01', NULL);

COMMIT;

